0,Platform,Party,Bioguide ID,Number of Active Accounts,Max Total Followers,Total Posts,Average Post Favorites/Reactions,Average Post Retweets/Shares
1,facebook,R,A000055,1,22404,325,108,35
2,facebook,R,A000360,2,57405,677,177,23
3,facebook,(R),A000367,2,140238,57,2197,495
4,facebook,R,A000369,1,9376,89,118,18
5,facebook,D,A000370,2,19146,612,54,10
6,facebook,D,A000371,2,11086,317,137,15
7,facebook,R,A000372,2,147433,673,76,14
8,facebook,R,A000374,2,69133,1347,503,180
9,facebook,R,A000375,2,45163,568,148,26
10,facebook,D,A000376,2,21259,1409,102,9
11,facebook,R,A000377,2,8721,954,92,11
12,facebook,D,A000378,2,8354,1047,63,7
13,facebook,D,B000490,2,12601,264,72,17
14,facebook,D,B000574,1,51637,408,318,30
15,facebook,R,B000575,2,64427,584,198,22
16,facebook,R,B000755,2,35325,1651,48,15
17,facebook,D,B000944,2,227783,645,1016,440
18,facebook,R,B001135,1,27914,83,491,49
19,facebook,D,B001230,2,170627,602,438,54
20,facebook,R,B001236,2,40983,699,96,15
21,facebook,R,B001243,2,147926,1679,635,96
22,facebook,R,B001248,1,8328,378,120,15
23,facebook,R,B001250,1,6687,87,115,12
24,facebook,D,B001251,1,10568,279,80,19
25,facebook,R,B001257,2,77654,1527,82,45
26,facebook,R,B001260,2,56647,370,302,55
27,facebook,R,B001261,2,35115,359,177,26
28,facebook,D,B001267,2,163858,1751,448,84
29,facebook,D,B001270,2,53144,875,85,26
30,facebook,R,B001274,2,52824,533,231,74
31,facebook,R,B001275,2,28665,592,69,12
32,facebook,D,B001277,2,79667,325,265,30
33,facebook,D,B001278,2,23675,679,88,8
34,facebook,D,B001281,2,45552,1095,196,39
35,facebook,R,B001282,2,49197,686,129,31
36,facebook,R,B001284,2,40397,376,68,8
37,facebook,D,B001285,2,21126,1191,84,10
38,facebook,D,B001286,2,52066,1491,104,14
39,facebook,D,B001287,2,32702,401,82,7
40,facebook,D,B001288,2,2334224,1505,1424,155
41,facebook,R,B001289,2,47325,2930,178,55
42,facebook,R,B001291,2,66355,1159,194,55
43,facebook,D,B001292,2,39886,1408,235,54
44,facebook,R,B001295,2,38210,905,251,40
45,facebook,D,B001296,2,14727,585,99,10
46,facebook,R,B001297,2,32008,434,138,24
47,facebook,R,B001298,2,12780,2166,82,6
48,facebook,R,B001299,2,24402,1301,163,31
49,facebook,D,B001300,1,8331,896,93,13
50,facebook,R,B001301,2,21754,638,255,36
51,facebook,R,B001302,2,33819,1741,257,52
52,facebook,D,B001303,2,23097,321,179,29
53,facebook,D,B001304,2,46131,547,94,21
54,facebook,R,B001305,2,34349,1174,174,26
55,facebook,R,B001306,2,4445,402,42,4
56,facebook,R,B001307,2,7352,420,41,5
57,facebook,D,B001308,2,28763,1753,114,11
58,facebook,R,B001309,2,15492,483,215,31
59,facebook,R,B001310,2,67710,634,468,53
60,facebook,R,B001311,1,10618,57,372,113
61,facebook,R,C000059,2,23929,201,253,54
62,facebook,D,C000127,1,55448,398,425,49
63,facebook,D,C000141,2,37221,366,231,30
64,facebook,D,C000174,2,20215,477,105,11
65,facebook,R,C000266,2,14852,507,76,6
66,facebook,D,C000537,2,50538,660,117,25
67,facebook,D,C000754,2,20323,495,97,16
68,facebook,R,C000880,2,14294,513,77,10
69,facebook,D,C000984,2,153157,178,772,83
70,facebook,R,C001035,2,106603,1033,199,19
71,facebook,R,C001047,2,72825,1752,129,21
72,facebook,D,C001049,1,3183,367,77,15
73,facebook,R,C001051,2,43204,1095,62,14
74,facebook,R,C001053,2,27766,469,65,13
75,facebook,D,C001055,1,1287,661,23,2
76,facebook,R,C001056,2,524629,1359,442,71
77,facebook,D,C001059,2,7078,822,58,9
78,facebook,D,C001061,2,31789,340,173,26
79,facebook,R,C001062,2,12611,740,56,9
80,facebook,D,C001063,2,25214,1053,50,6
81,facebook,D,C001066,2,16765,965,55,7
82,facebook,D,C001067,2,21542,645,20,4
83,facebook,D,C001068,2,31110,991,113,16
84,facebook,D,C001069,2,25444,811,80,25
85,facebook,D,C001070,2,110423,456,826,104
86,facebook,D,C001072,2,29115,406,152,20
87,facebook,R,C001075,2,116591,1950,216,37
88,facebook,D,C001078,2,19085,241,84,11
89,facebook,D,C001080,2,22021,358,108,27
90,facebook,D,C001084,2,26545,839,217,50
91,facebook,D,C001088,2,64541,1445,275,46
92,facebook,D,C001090,2,23172,704,137,17
93,facebook,D,C001091,2,213538,751,292,43
94,facebook,R,C001092,1,12421,121,55,4
95,facebook,R,C001093,2,141166,1437,842,182
96,facebook,R,C001094,2,12023,151,180,35
97,facebook,R,C001095,2,399786,443,892,312
98,facebook,R,C001096,2,27596,1048,103,11
99,facebook,D,C001097,2,20794,616,37,5
100,facebook,R,C001098,2,3232172,2743,2451,569
101,facebook,D,C001101,2,37787,733,111,14
102,facebook,R,C001103,2,38948,469,153,24
103,facebook,R,C001108,2,38534,669,109,16
104,facebook,R,C001109,2,31556,419,356,163
105,facebook,D,C001110,2,17714,809,60,9
106,facebook,D,C001111,2,109210,1021,177,30
107,facebook,D,C001112,2,23474,919,117,9
108,facebook,D,C001113,2,45528,981,127,16
109,facebook,R,C001114,2,11838,715,48,4
110,facebook,R,C001115,2,13782,555,200,33
111,facebook,D,C001117,2,22454,1042,123,13
112,facebook,R,C001118,2,18895,839,162,88
113,facebook,D,C001119,2,17382,846,100,8
114,facebook,R,C001120,2,744347,1114,4112,1494
115,facebook,D,C001121,2,13194,1343,108,8
116,facebook,D,C001122,2,33898,1139,202,18
117,facebook,D,C001123,2,14244,1331,46,6
118,facebook,D,C001124,2,4469,1196,29,4
119,facebook,D,D000096,1,4409,73,35,6
120,facebook,D,D000191,2,45930,529,383,64
121,facebook,D,D000197,2,24713,975,134,19
122,facebook,D,D000216,2,31258,381,85,12
123,facebook,D,D000399,2,47971,2226,145,27
124,facebook,D,D000482,2,10187,688,103,14
125,facebook,D,D000563,2,152972,925,457,60
126,facebook,D,D000598,1,11122,416,89,13
127,facebook,R,D000600,2,31594,530,35,8
128,facebook,D,D000610,2,34485,279,131,20
129,facebook,R,D000614,2,55172,585,219,109
130,facebook,R,D000615,1,38432,993,213,57
131,facebook,R,D000616,2,67125,426,193,57
132,facebook,D,D000617,2,41148,1342,109,13
133,facebook,R,D000618,2,31914,736,241,20
134,facebook,R,D000619,2,34451,812,81,11
135,facebook,D,D000622,2,287905,1087,763,115
136,facebook,D,D000623,2,19318,1835,84,11
137,facebook,D,D000624,2,50486,1564,201,26
138,facebook,R,D000626,2,21712,655,134,29
139,facebook,D,D000627,2,35368,624,211,32
140,facebook,R,D000628,2,27267,500,160,36
141,facebook,D,D000629,2,38532,881,273,24
142,facebook,D,D000630,2,19462,3528,77,8
143,facebook,D,D000631,2,7880,1081,106,12
144,facebook,D,E000179,2,59112,426,109,5
145,facebook,D,E000215,2,13041,194,57,6
146,facebook,R,E000285,1,13005,313,81,13
147,facebook,R,E000294,2,19956,363,93,5
148,facebook,R,E000295,2,84784,2475,236,28
149,facebook,D,E000296,2,14761,1380,73,44
150,facebook,D,E000297,1,5348,1910,43,11
151,facebook,R,E000298,2,11381,566,182,33
152,facebook,D,E000299,2,15590,1354,101,15
153,facebook,D,F000062,1,155269,86,1645,208
154,facebook,R,F000449,1,12809,502,63,9
155,facebook,R,F000450,2,24184,364,134,14
156,facebook,D,F000454,2,14198,669,117,16
157,facebook,D,F000455,2,50826,1383,44,13
158,facebook,R,F000459,2,14215,883,109,12
159,facebook,R,F000461,2,23316,776,32,7
160,facebook,D,F000462,2,34874,601,73,10
161,facebook,R,F000463,2,27396,261,179,22
162,facebook,R,F000465,2,44248,343,83,13
163,facebook,R,F000466,2,23838,1259,103,10
164,facebook,D,F000467,2,13979,574,165,12
165,facebook,D,F000468,2,8485,1159,58,3
166,facebook,R,F000469,2,15203,520,59,11
167,facebook,R,G000061,1,11360,20,696,35
168,facebook,R,G000359,1,293323,484,2734,317
169,facebook,R,G000377,1,11861,414,59,12
170,facebook,R,G000386,2,58012,757,209,33
171,facebook,R,G000546,2,55204,1074,480,238
172,facebook,D,G000551,2,53136,612,119,53
173,facebook,R,G000552,2,82902,511,462,141
174,facebook,D,G000553,2,21007,408,109,11
175,facebook,D,G000555,2,405931,1131,622,77
176,facebook,R,G000558,2,25348,544,94,13
177,facebook,D,G000559,2,39034,944,98,15
178,facebook,R,G000560,2,122982,385,52,8
179,facebook,R,G000562,2,62041,835,265,22
180,facebook,R,G000563,2,12939,331,132,37
181,facebook,R,G000565,2,31033,707,193,54
182,facebook,R,G000568,2,20060,517,128,18
183,facebook,D,G000571,2,639391,1525,2494,561
184,facebook,D,G000574,2,35795,433,79,17
185,facebook,R,G000576,2,14520,1271,105,16
186,facebook,R,G000577,2,55162,1087,72,19
187,facebook,R,G000578,2,190082,1771,1218,455
188,facebook,R,G000579,2,11307,415,139,20
189,facebook,D,G000581,2,22882,850,122,22
190,facebook,D,G000583,2,26657,1989,38,3
191,facebook,R,G000584,2,39218,772,175,27
192,facebook,D,G000585,2,13793,1794,79,18
193,facebook,D,G000586,2,36644,1255,64,11
194,facebook,D,G000587,2,16832,542,39,6
195,facebook,R,G000588,2,6916,611,66,8
196,facebook,R,G000589,2,19069,553,246,31
197,facebook,R,G000590,2,93679,1385,298,80
198,facebook,R,G000591,2,14865,774,135,11
199,facebook,D,G000592,2,15585,503,140,20
200,facebook,D,H000324,2,41715,903,23,6
201,facebook,D,H000874,2,121486,1827,254,58
202,facebook,D,H001038,2,11777,268,73,11
203,facebook,D,H001042,1,23311,438,293,39
204,facebook,D,H001046,2,63527,752,309,42
205,facebook,D,H001047,2,37238,1429,122,25
206,facebook,R,H001048,2,34299,263,175,26
207,facebook,R,H001052,2,20815,714,140,27
208,facebook,R,H001053,2,23988,657,188,21
209,facebook,R,H001056,2,41364,688,170,18
210,facebook,R,H001058,2,23196,1068,271,66
211,facebook,R,H001061,2,24058,498,63,5
212,facebook,D,H001064,2,35841,204,163,18
213,facebook,R,H001065,2,39315,114,100,24
214,facebook,D,H001066,2,18240,1161,37,5
215,facebook,R,H001067,2,45081,930,113,24
216,facebook,D,H001068,2,25644,1363,137,23
217,facebook,R,H001071,2,93000,590,301,70
218,facebook,R,H001072,2,19266,1018,103,14
219,facebook,R,H001073,2,66893,1335,98,16
220,facebook,R,H001074,2,30296,445,69,7
221,facebook,D,H001075,3,1964929,3739,2534,354
222,facebook,D,H001076,2,45434,1307,76,6
223,facebook,R,H001077,2,305988,462,1026,555
224,facebook,R,H001079,2,39341,1377,99,17
225,facebook,D,H001080,2,64540,1887,268,81
226,facebook,D,H001081,2,20864,1457,66,8
227,facebook,R,H001082,2,29188,780,238,47
228,facebook,D,H001083,2,19399,682,194,18
229,facebook,D,H001085,2,10613,736,102,14
230,facebook,D,H001087,2,22220,899,192,15
231,facebook,R,H001088,2,6565,1117,84,21
232,facebook,R,H001089,2,52934,533,481,141
233,facebook,D,H001090,2,19335,1762,168,19
234,facebook,R,I000024,2,74767,1016,321,43
235,facebook,R,I000055,1,160550,4,658,74
236,facebook,D,J000032,2,47673,399,65,11
237,facebook,D,J000126,1,14646,124,31,5
238,facebook,R,J000255,2,16479,9,107,17
239,facebook,D,J000288,2,19803,788,22,7
240,facebook,R,J000289,1,234113,432,4770,1332
241,facebook,R,J000292,2,55364,630,255,54
242,facebook,R,J000293,1,30679,302,445,52
243,facebook,D,J000294,2,63581,809,409,80
244,facebook,R,J000295,2,28612,630,60,9
245,facebook,D,J000298,2,65805,1672,144,24
246,facebook,R,J000299,2,51720,1295,299,92
247,facebook,D,J000300,2,111620,1029,452,55
248,facebook,R,J000301,2,15565,627,98,11
249,facebook,R,J000302,2,10067,808,182,25
250,facebook,D,K000009,2,34171,508,230,55
251,facebook,D,K000188,2,40093,774,105,15
252,facebook,R,K000210,2,58591,820,715,148
253,facebook,R,K000362,2,197156,2470,1389,2346
254,facebook,D,K000367,1,321596,1161,2456,204
255,facebook,D,K000368,2,62133,1372,56,9
256,facebook,D,K000375,2,10107,258,114,30
257,facebook,R,K000376,2,24745,377,164,23
258,facebook,R,K000378,2,63636,336,318,80
259,facebook,D,K000379,2,1656738,1320,8966,1374
260,facebook,D,K000380,2,116906,470,316,93
261,facebook,D,K000381,2,31114,1573,125,13
262,facebook,D,K000382,2,28089,1665,92,8
263,facebook,(D),K000383,1,40128,590,425,69
264,facebook,D,K000384,2,480998,918,1069,111
265,facebook,D,K000385,2,40101,1936,35,15
266,facebook,R,K000386,2,16039,760,115,8
267,facebook,R,K000388,2,13027,736,86,9
268,facebook,D,K000389,2,98918,3656,164,177
269,facebook,D,K000391,2,39558,2121,137,24
270,facebook,R,K000392,2,15794,906,152,20
271,facebook,R,K000393,2,79221,808,447,117
272,facebook,D,K000394,2,19979,872,139,14
273,facebook,R,K000395,2,15458,1074,120,25
274,facebook,D,L000174,1,38861,41,172,17
275,facebook,D,L000287,2,398617,31,2893,633
276,facebook,D,L000397,2,11976,274,103,16
277,facebook,D,L000480,2,40567,273,89,8
278,facebook,R,L000491,2,46467,476,84,15
279,facebook,D,L000551,2,110122,2824,176,38
280,facebook,D,L000557,2,15623,1118,48,9
281,facebook,D,L000559,2,10358,731,72,6
282,facebook,D,L000560,2,26764,1084,77,6
283,facebook,D,L000562,2,20607,542,88,8
284,facebook,D,L000563,2,7602,1180,44,4
285,facebook,R,L000564,2,9633,386,115,17
286,facebook,D,L000565,2,16225,269,79,18
287,facebook,R,L000566,2,15109,742,75,9
288,facebook,R,L000569,2,20302,385,127,22
289,facebook,D,L000570,2,44722,2085,98,16
290,facebook,R,L000575,2,136862,789,386,66
291,facebook,R,L000576,2,25803,59,232,33
292,facebook,R,L000577,2,401723,428,607,109
293,facebook,R,L000578,2,27907,665,178,44
294,facebook,D,L000579,2,48035,443,197,45
295,facebook,D,L000581,2,11412,797,75,14
296,facebook,D,L000582,2,118006,944,504,112
297,facebook,R,L000583,2,48292,564,134,23
298,facebook,R,L000585,2,46392,1027,154,15
299,facebook,D,L000586,2,5430,502,45,8
300,facebook,D,L000588,2,37560,488,224,22
301,facebook,R,L000589,2,27085,1243,263,50
302,facebook,D,L000590,2,7265,732,51,6
303,facebook,D,L000591,2,12846,2017,100,9
304,facebook,D,L000592,2,6251,707,57,6
305,facebook,D,L000593,2,25807,1446,129,20
306,facebook,R,L000594,2,9243,976,105,7
307,facebook,D,M000087,2,22241,1103,53,9
308,facebook,D,M000133,2,109034,1694,198,33
309,facebook,D,M000312,2,32876,717,115,18
310,facebook,R,M000355,2,261904,589,525,70
311,facebook,D,M000639,2,67728,1189,178,34
312,facebook,D,M000687,1,2235,20,164,39
313,facebook,R,M000934,2,44118,735,107,12
314,facebook,D,M001111,1,215229,568,1482,236
315,facebook,D,M001137,1,16917,466,16,4
316,facebook,D,M001143,2,30068,1078,92,15
317,facebook,R,M001153,1,57321,1332,127,11
318,facebook,R,M001156,2,30854,851,38,4
319,facebook,R,M001157,2,189638,776,192,67
320,facebook,R,M001158,2,19829,268,88,9
321,facebook,R,M001159,2,51080,532,177,24
322,facebook,D,M001160,2,26090,1269,75,14
323,facebook,D,M001163,2,24407,315,72,7
324,facebook,R,M001165,2,414407,1305,2704,490
325,facebook,D,M001166,2,12105,298,70,8
326,facebook,D,M001169,2,501219,2358,705,115
327,facebook,D,M001176,2,602123,1850,1932,497
328,facebook,R,M001177,2,337042,233,195,30
329,facebook,R,M001179,2,19086,4,222,30
330,facebook,R,M001180,2,14743,490,63,17
331,facebook,D,M001183,1,54901,1414,175,53
332,facebook,R,M001184,2,168454,547,1607,612
333,facebook,D,M001185,2,44544,1183,118,23
334,facebook,R,M001187,2,43201,321,856,201
335,facebook,D,M001188,1,12311,752,55,4
336,facebook,R,M001190,2,155614,972,706,162
337,facebook,R,M001194,2,24833,635,141,49
338,facebook,R,M001195,2,8537,543,82,11
339,facebook,D,M001196,2,221851,1289,214,36
340,facebook,R,M001197,2,148073,1520,439,61
341,facebook,R,M001198,2,52111,1651,183,45
342,facebook,R,M001199,2,68720,1528,165,35
343,facebook,D,M001200,2,13402,1534,70,11
344,facebook,R,M001201,2,10898,781,150,41
345,facebook,D,M001202,2,24245,860,108,11
346,facebook,D,M001203,2,10385,1030,94,10
347,facebook,R,M001204,2,19854,914,87,16
348,facebook,R,M001205,2,5217,451,58,11
349,facebook,D,M001206,2,11326,1590,86,8
350,facebook,D,M001207,2,9399,1697,74,10
351,facebook,D,M001208,2,21301,495,107,12
352,facebook,D,M001209,2,20412,684,166,10
353,facebook,R,M001210,2,15133,359,272,61
354,facebook,D,N000002,2,37596,133,209,26
355,facebook,D,N000015,2,10746,552,92,11
356,facebook,D,N000179,1,5664,154,86,10
357,facebook,R,N000181,2,122160,93,426,50
358,facebook,D,N000188,2,40035,754,58,10
359,facebook,R,N000189,2,21467,981,90,15
360,facebook,R,N000190,2,40655,492,414,113
361,facebook,D,N000191,2,12891,974,117,10
362,facebook,R,O000168,2,20819,1751,42,9
363,facebook,D,O000171,2,13477,1658,70,11
364,facebook,D,O000172,2,1357448,589,6224,1104
365,facebook,D,O000173,2,594219,752,1963,441
366,facebook,D,P000034,2,22696,813,46,6
367,facebook,D,P000096,2,26136,1405,72,24
368,facebook,D,P000197,2,1243300,1253,5557,791
369,facebook,D,P000258,2,5645,464,31,5
370,facebook,R,P000449,2,232205,299,400,44
371,facebook,D,P000523,2,16816,535,238,26
372,facebook,D,P000593,2,22888,644,102,17
373,facebook,D,P000595,2,74020,1670,304,39
374,facebook,D,P000597,2,33550,641,180,22
375,facebook,R,P000599,2,15007,117,138,77
376,facebook,R,P000601,2,56834,948,131,22
377,facebook,R,P000603,2,2896237,448,3055,673
378,facebook,D,P000604,1,12448,746,22,5
379,facebook,R,P000605,2,27162,874,127,35
380,facebook,D,P000607,2,42669,564,172,42
381,facebook,D,P000608,2,36434,517,66,9
382,facebook,R,P000609,2,14987,346,128,21
383,facebook,R,P000612,2,91403,715,319,56
384,facebook,D,P000613,2,11201,1788,94,10
385,facebook,D,P000614,2,10411,844,50,4
386,facebook,R,P000615,2,14138,870,85,9
387,facebook,D,P000616,2,24046,717,114,8
388,facebook,D,P000617,2,93845,288,420,121
389,facebook,D,P000618,2,101747,542,555,113
390,facebook,D,Q000023,2,19190,1406,70,9
391,facebook,D,R000122,1,15615,335,133,16
392,facebook,R,R000307,2,31918,479,86,10
393,facebook,R,R000395,1,12503,321,81,27
394,facebook,D,R000486,2,18489,1206,33,7
395,facebook,D,R000515,2,28749,526,22,9
396,facebook,R,R000575,2,23277,945,88,24
397,facebook,D,R000576,2,15130,572,104,12
398,facebook,D,R000577,2,103841,1080,300,70
399,facebook,R,R000582,2,26708,419,102,22
400,facebook,R,R000584,2,19869,96,92,10
401,facebook,R,R000585,2,58242,1030,84,19
402,facebook,D,R000588,2,22664,257,89,15
403,facebook,R,R000591,2,28328,474,32,3
404,facebook,R,R000595,2,1820290,1816,727,111
405,facebook,R,R000597,2,18312,575,92,22
406,facebook,D,R000599,2,41681,1309,128,15
407,facebook,R,R000601,2,63308,347,317,81
408,facebook,D,R000602,2,11826,443,67,10
409,facebook,R,R000603,2,20556,355,69,10
410,facebook,R,R000605,2,17495,1120,113,10
411,facebook,D,R000606,2,31762,432,195,22
412,facebook,R,R000607,2,19901,271,81,12
413,facebook,D,R000608,2,22408,2391,95,8
414,facebook,R,R000609,2,7394,421,212,35
415,facebook,R,R000610,2,12722,604,156,33
416,facebook,R,R000611,2,13097,1179,87,9
417,facebook,R,R000612,2,14899,629,57,6
418,facebook,D,R000613,2,18682,1324,127,13
419,facebook,R,R000614,2,11782,1272,88,37
420,facebook,R,R000615,2,19727988,267,7211,626
421,facebook,D,R000616,2,16854,576,121,13
422,facebook,(D),S000033,2,12945119,13015,7368,1756
423,facebook,D,S000148,2,524341,2601,1147,171
424,facebook,D,S000185,2,19543,150,82,21
425,facebook,R,S000244,2,29480,163,182,28
426,facebook,D,S000248,1,18331,279,15,3
427,facebook,R,S000320,1,28154,118,228,20
428,facebook,D,S000344,2,30426,432,56,4
429,facebook,R,S000364,2,17123,858,83,13
430,facebook,D,S000510,2,16351,642,55,5
431,facebook,R,S000522,2,14993,102,141,22
432,facebook,D,S000770,2,115326,627,606,81
433,facebook,D,S001145,2,46511,723,139,22
434,facebook,R,S001148,2,8578,471,69,10
435,facebook,D,S001150,2,606853,891,3084,454
436,facebook,D,S001156,2,21378,570,29,5
437,facebook,D,S001157,2,9039,293,36,7
438,facebook,D,S001165,1,6310,761,27,3
439,facebook,D,S001168,2,30969,794,60,6
440,facebook,R,S001172,2,7935,307,24,2
441,facebook,D,S001175,2,46187,361,232,40
442,facebook,R,S001176,2,182118,1064,1070,295
443,facebook,D,S001180,2,20045,406,58,5
444,facebook,D,S001181,2,53160,1775,110,11
445,facebook,R,S001183,2,114651,598,67,11
446,facebook,R,S001184,1,146859,452,747,99
447,facebook,D,S001185,2,44471,1000,176,44
448,facebook,R,S001187,2,13807,443,62,7
449,facebook,R,S001189,2,54371,217,226,41
450,facebook,D,S001190,2,44011,1347,85,9
451,facebook,D,S001191,2,137417,3285,114,9
452,facebook,R,S001192,2,24297,598,187,26
453,facebook,D,S001193,2,87380,1845,296,43
454,facebook,D,S001194,2,33415,301,87,15
455,facebook,R,S001195,2,121003,620,397,79
456,facebook,R,S001196,2,123132,2004,721,89
457,facebook,R,S001197,2,107196,177,545,195
458,facebook,R,S001198,2,29285,807,130,20
459,facebook,R,S001199,2,11357,1112,118,17
460,facebook,D,S001200,2,13849,782,87,18
461,facebook,D,S001201,2,27773,1300,105,10
462,facebook,D,S001203,2,37021,956,199,17
463,facebook,D,S001205,2,7796,1642,107,11
464,facebook,D,S001206,2,5114,544,38,4
465,facebook,D,S001207,2,21440,1202,100,8
466,facebook,D,S001208,2,26314,826,273,41
467,facebook,D,S001209,2,28727,1994,143,10
468,facebook,R,S001210,2,28646,972,102,18
469,facebook,D,S001211,2,27605,828,87,12
470,facebook,R,S001212,2,13014,1059,167,18
471,facebook,R,S001213,2,8258,1785,62,6
472,facebook,R,S001214,2,57405,802,125,24
473,facebook,D,S001215,2,11183,1624,71,5
474,facebook,D,S001216,2,14287,700,169,18
475,facebook,R,S001217,2,199909,167,571,66
476,facebook,R,T000165,1,4252,7,532,24
477,facebook,D,T000193,1,16210,540,184,33
478,facebook,R,T000238,2,19443,221,112,14
479,facebook,R,T000250,2,183565,356,372,80
480,facebook,D,T000460,2,23360,2088,70,10
481,facebook,R,T000461,2,188397,343,458,50
482,facebook,R,T000463,1,19718,179,87,18
483,facebook,D,T000464,2,108586,544,428,62
484,facebook,R,T000467,2,7033,582,42,9
485,facebook,D,T000468,2,21615,226,83,13
486,facebook,D,T000469,2,27129,1206,78,31
487,facebook,R,T000470,2,11947,505,86,20
488,facebook,D,T000472,2,57590,760,161,33
489,facebook,D,T000474,2,29167,1254,94,17
490,facebook,R,T000476,2,108589,1673,273,30
491,facebook,R,T000479,2,30221,367,43,5
492,facebook,R,T000480,2,18560,344,102,11
493,facebook,D,T000481,2,77972,695,284,36
494,facebook,D,T000482,2,7503,1530,49,5
495,facebook,D,T000483,2,29914,968,43,6
496,facebook,D,T000484,2,15746,627,162,22
497,facebook,R,U000031,2,20534,404,91,8
498,facebook,D,U000039,2,102729,489,298,44
499,facebook,D,U000040,2,23723,1135,152,14
500,facebook,D,V000081,2,37411,599,62,16
501,facebook,D,V000108,2,15256,501,106,15
502,facebook,D,V000128,2,86002,774,360,62
503,facebook,D,V000130,1,5809,320,77,10
504,facebook,D,V000131,2,18075,825,49,8
505,facebook,D,V000132,1,9642,374,43,6
506,facebook,R,V000133,2,25393,951,121,15
507,facebook,D,W000187,1,347661,90,1794,334
508,facebook,R,W000437,2,120121,696,142,28
509,facebook,D,W000779,2,569980,448,2380,491
510,facebook,R,W000791,2,73686,599,99,10
511,facebook,R,W000795,2,64043,716,63,7
512,facebook,D,W000797,2,363627,1324,217,54
513,facebook,R,W000798,2,35083,512,196,34
514,facebook,D,W000800,2,23117,209,187,23
515,facebook,D,W000802,2,47210,1014,138,49
516,facebook,R,W000804,2,30698,841,101,13
517,facebook,D,W000805,2,104825,668,593,73
518,facebook,R,W000806,2,25628,357,125,24
519,facebook,D,W000808,2,19736,201,33,5
520,facebook,R,W000809,1,2993,28,192,13
521,facebook,R,W000810,2,8465,517,54,8
522,facebook,R,W000812,2,37431,493,98,10
523,facebook,R,W000813,2,34959,1135,93,11
524,facebook,R,W000814,2,12165,533,73,16
525,facebook,R,W000815,2,31967,668,148,25
526,facebook,R,W000816,2,95176,863,108,20
527,facebook,D,W000817,3,6767594,6341,3853,509
528,facebook,R,W000819,2,51704,953,212,39
529,facebook,R,W000821,2,14818,566,118,28
530,facebook,D,W000822,2,19289,314,71,13
531,facebook,R,W000823,2,9895,1215,109,19
532,facebook,R,W000824,2,6093,696,67,7
533,facebook,D,W000825,2,19477,1620,112,10
534,facebook,D,W000826,2,9549,1158,84,12
535,facebook,R,W000827,2,5351,675,63,12
536,facebook,R,Y000033,2,20847,656,149,22
537,facebook,D,Y000062,2,33589,285,376,49
538,facebook,R,Y000064,2,71077,1432,140,12
539,facebook,R,Y000065,2,28298,492,117,22
540,facebook,R,Z000017,2,55181,1074,395,67
541,twitter,R,A000055,1,29492,590,85,38
542,twitter,R,A000360,2,133668,2356,135,33
543,twitter,(R),A000367,3,444875,2368,7506,1703
544,twitter,R,A000369,2,17779,108,34,10
545,twitter,D,A000370,2,23703,3196,68,16
546,twitter,D,A000371,2,16409,375,61,21
547,twitter,R,A000372,2,24953,622,128,40
548,twitter,R,A000374,2,34320,1505,166,66
549,twitter,R,A000375,2,18916,1147,258,89
550,twitter,D,A000376,2,40631,1873,85,18
551,twitter,R,A000377,2,18923,2025,254,92
552,twitter,D,A000378,2,26326,1283,35,6
553,twitter,D,B000490,1,21175,260,9,3
554,twitter,D,B000574,1,68376,866,225,52
555,twitter,R,B000575,2,125924,2219,83,23
556,twitter,R,B000755,2,60551,2737,172,65
557,twitter,D,B000944,2,519473,2194,967,288
558,twitter,R,B001135,1,178114,287,371,119
559,twitter,D,B001230,2,172230,2380,180,61
560,twitter,R,B001236,2,102174,1795,77,23
561,twitter,R,B001243,2,236005,3246,1590,613
562,twitter,R,B001248,1,31445,1264,54,25
563,twitter,D,B001251,1,21185,912,63,25
564,twitter,R,B001257,1,32025,571,16,7
565,twitter,R,B001260,1,30360,473,125,46
566,twitter,R,B001261,2,145670,871,676,211
567,twitter,D,B001267,2,349245,4658,345,82
568,twitter,D,B001270,2,128102,1218,980,287
569,twitter,R,B001274,2,40112,1433,118,51
570,twitter,R,B001275,2,25109,752,31,9
571,twitter,D,B001277,1,649150,2747,1159,394
572,twitter,D,B001278,1,30920,2820,25,7
573,twitter,D,B001281,2,51879,4352,88,28
574,twitter,R,B001282,2,28783,1156,60,23
575,twitter,R,B001284,2,27299,1342,28,9
576,twitter,D,B001285,2,23170,1835,41,11
577,twitter,D,B001286,2,46342,2782,48,15
578,twitter,D,B001287,2,41769,1343,48,12
579,twitter,D,B001288,2,4645382,4057,2726,463
580,twitter,R,B001289,2,58494,4723,150,53
581,twitter,R,B001291,3,17870,1410,53,21
582,twitter,D,B001292,2,91990,7898,532,180
583,twitter,R,B001295,2,14992,714,48,15
584,twitter,D,B001296,2,47827,2905,293,76
585,twitter,R,B001297,2,43684,751,431,149
586,twitter,R,B001298,2,18240,5061,33,11
587,twitter,R,B001299,2,38888,3702,219,122
588,twitter,D,B001300,2,33635,2054,125,49
589,twitter,R,B001301,2,9992,412,58,21
590,twitter,R,B001302,2,195051,8598,1346,529
591,twitter,D,B001303,2,18583,846,118,30
592,twitter,D,B001304,2,26065,1574,96,28
593,twitter,R,B001305,2,22174,1366,201,71
594,twitter,R,B001306,2,11946,1137,17,5
595,twitter,R,B001307,2,5650,383,11,3
596,twitter,D,B001308,2,22736,1985,26,5
597,twitter,R,B001309,2,53354,5608,102,14
598,twitter,R,B001310,2,34938,1443,349,117
599,twitter,R,B001311,1,16512,635,319,116
600,twitter,R,C000059,2,23908,1447,69,24
601,twitter,D,C000127,2,242341,1843,82,24
602,twitter,D,C000141,2,257261,1581,148,75
603,twitter,D,C000174,2,104684,2089,57,18
604,twitter,R,C000266,2,36648,1002,88,34
605,twitter,D,C000537,2,104169,1645,515,154
606,twitter,D,C000754,2,29427,1660,71,17
607,twitter,R,C000880,1,112140,1653,89,24
608,twitter,D,C000984,2,523278,940,6112,1584
609,twitter,R,C001035,2,554650,828,546,100
610,twitter,R,C001047,2,88723,2579,122,32
611,twitter,D,C001049,1,11533,7830,12,4
612,twitter,R,C001051,2,25885,1371,23,9
613,twitter,R,C001053,1,26789,630,79,28
614,twitter,D,C001055,2,5542,855,8,2
615,twitter,R,C001056,2,282573,8019,412,140
616,twitter,D,C001059,1,22244,664,17,5
617,twitter,D,C001061,2,47913,1932,85,28
618,twitter,R,C001062,1,25694,191,76,27
619,twitter,D,C001063,2,25794,924,16,5
620,twitter,D,C001066,2,23458,3575,22,7
621,twitter,D,C001067,2,74454,1657,68,20
622,twitter,D,C001068,2,74861,3470,361,123
623,twitter,D,C001069,2,25989,1368,18,6
624,twitter,D,C001070,2,428096,2830,501,142
625,twitter,D,C001072,2,53315,918,154,46
626,twitter,R,C001075,2,72331,2728,224,68
627,twitter,D,C001078,2,59932,1277,208,87
628,twitter,D,C001080,2,74496,1210,214,80
629,twitter,D,C001084,2,144305,5235,1577,376
630,twitter,R,C001087,2,30688,1786,114,44
631,twitter,D,C001088,1,161756,3274,175,49
632,twitter,D,C001090,2,17094,624,26,9
633,twitter,D,C001091,2,278099,11311,1658,383
634,twitter,R,C001092,2,20532,284,10,2
635,twitter,R,C001093,2,425382,1975,3938,1470
636,twitter,R,C001094,2,19048,58,26,10
637,twitter,R,C001095,2,364929,1923,1503,618
638,twitter,R,C001096,2,35971,2137,129,47
639,twitter,D,C001097,2,22699,1246,30,10
640,twitter,R,C001098,2,5272289,8601,4322,1235
641,twitter,D,C001101,2,84058,2572,228,66
642,twitter,R,C001103,3,35794,968,108,48
643,twitter,R,C001108,1,15463,271,115,24
644,twitter,R,C001109,2,196584,845,2949,913
645,twitter,D,C001110,1,10058,325,41,13
646,twitter,D,C001111,2,44976,1162,31,11
647,twitter,D,C001112,2,13474,1933,25,7
648,twitter,D,C001113,2,74274,3335,47,14
649,twitter,R,C001114,2,13076,1799,31,15
650,twitter,R,C001115,2,10030,351,208,74
651,twitter,D,C001117,2,46203,4620,240,53
652,twitter,R,C001118,2,20376,803,77,32
653,twitter,D,C001119,2,38831,2159,50,11
654,twitter,R,C001120,2,1530886,1990,12687,3239
655,twitter,D,C001121,2,61312,2013,163,42
656,twitter,D,C001122,2,63076,1938,280,75
657,twitter,D,C001123,2,25402,2539,32,10
658,twitter,D,C001124,2,14553,1658,29,8
659,twitter,D,D000096,1,14764,1415,18,7
660,twitter,D,D000191,2,36400,753,99,32
661,twitter,D,D000197,2,54388,1471,160,60
662,twitter,D,D000216,2,47952,1296,43,12
663,twitter,D,D000399,2,38351,3998,37,13
664,twitter,D,D000482,2,20982,1370,18,6
665,twitter,D,D000563,2,681777,5653,393,134
666,twitter,D,D000598,1,23610,386,42,11
667,twitter,R,D000600,2,62747,2098,228,137
668,twitter,D,D000610,1,69320,2763,345,106
669,twitter,R,D000614,2,61120,1218,168,45
670,twitter,R,D000615,2,64918,2135,186,59
671,twitter,R,D000616,2,21181,1573,58,27
672,twitter,D,D000617,2,31575,1981,26,6
673,twitter,R,D000618,2,64629,1153,387,96
674,twitter,R,D000619,2,26580,1378,26,8
675,twitter,D,D000622,2,620064,3080,952,253
676,twitter,D,D000623,2,18165,2748,28,7
677,twitter,D,D000624,2,109698,2123,493,105
678,twitter,R,D000626,1,20687,1601,110,38
679,twitter,D,D000627,2,148219,4859,1147,340
680,twitter,R,D000628,2,10266,646,25,8
681,twitter,D,D000629,2,182097,1513,482,91
682,twitter,D,D000630,2,42962,4212,62,11
683,twitter,D,D000631,2,42563,2014,544,121
684,twitter,D,E000179,1,51923,1592,172,65
685,twitter,D,E000215,2,47638,396,49,12
686,twitter,R,E000285,1,102615,532,50,15
687,twitter,R,E000294,2,24114,1126,22,4
688,twitter,R,E000295,3,143283,3435,208,56
689,twitter,D,E000296,2,20319,8341,44,18
690,twitter,D,E000297,3,32516,3836,47,17
691,twitter,R,E000298,2,7520,897,51,15
692,twitter,D,E000299,2,100043,4949,328,92
693,twitter,D,F000062,1,1432611,2072,1452,430
694,twitter,R,F000449,1,23146,505,25,9
695,twitter,R,F000450,2,28637,916,168,61
696,twitter,D,F000454,2,44872,1633,39,10
697,twitter,D,F000455,2,49352,1240,58,25
698,twitter,R,F000459,2,21303,1425,83,29
699,twitter,R,F000461,2,24893,4511,18,8
700,twitter,D,F000462,2,33087,1708,61,15
701,twitter,R,F000463,2,100503,1387,164,46
702,twitter,R,F000465,2,9674,483,45,14
703,twitter,R,F000466,2,16537,1114,23,4
704,twitter,D,F000467,2,36582,1144,200,32
705,twitter,D,F000468,2,30694,1528,38,8
706,twitter,R,F000469,2,7765,704,73,30
707,twitter,R,G000061,1,47910,3,9095,1871
708,twitter,R,G000359,1,1659038,2267,9095,2255
709,twitter,R,G000377,1,24770,642,46,15
710,twitter,R,G000386,3,614186,4083,756,246
711,twitter,R,G000546,1,14783,1167,55,23
712,twitter,D,G000551,2,41973,1974,86,40
713,twitter,R,G000552,1,322936,1075,829,282
714,twitter,D,G000553,2,77871,638,1127,338
715,twitter,D,G000555,2,1532737,3132,1658,303
716,twitter,R,G000558,2,23876,210,23,7
717,twitter,D,G000559,2,34863,1784,20,7
718,twitter,R,G000560,2,26104,752,35,13
719,twitter,R,G000562,2,166058,1508,262,117
720,twitter,R,G000563,2,39291,432,51,28
721,twitter,R,G000565,1,114720,3298,1087,393
722,twitter,R,G000568,2,33388,372,77,43
723,twitter,D,G000571,2,1069080,2671,3670,844
724,twitter,D,G000574,2,130157,4510,343,78
725,twitter,R,G000576,2,10719,1429,21,10
726,twitter,R,G000577,2,18962,794,13,3
727,twitter,R,G000578,2,1274871,6703,5291,1715
728,twitter,R,G000579,2,26359,1503,117,65
729,twitter,D,G000581,2,6847,910,29,8
730,twitter,D,G000583,2,18641,3407,11,2
731,twitter,R,G000584,2,0,14,38,9
732,twitter,D,G000585,2,29878,3677,49,14
733,twitter,D,G000586,2,26276,2938,51,13
734,twitter,D,G000587,2,64431,3971,225,70
735,twitter,R,G000588,2,16598,1309,85,26
736,twitter,R,G000589,2,12250,1008,251,98
737,twitter,R,G000590,2,51625,1962,566,220
738,twitter,R,G000591,2,7491,810,58,15
739,twitter,D,G000592,2,16457,702,33,8
740,twitter,D,H000324,2,28179,1467,17,7
741,twitter,D,H000874,2,135789,4080,67,26
742,twitter,D,H001038,2,25585,1674,14,5
743,twitter,D,H001042,2,454166,702,3566,1064
744,twitter,D,H001046,2,200777,1494,193,59
745,twitter,D,H001047,1,110961,1640,705,172
746,twitter,R,H001048,2,19667,315,71,24
747,twitter,R,H001052,1,19782,276,301,176
748,twitter,R,H001053,1,30958,1007,250,102
749,twitter,R,H001056,2,24626,744,20,5
750,twitter,R,H001058,2,26023,1668,44,14
751,twitter,R,H001061,1,105625,919,97,23
752,twitter,D,H001064,2,41333,873,164,41
753,twitter,R,H001065,2,18422,181,98,52
754,twitter,D,H001066,2,23235,2518,21,7
755,twitter,R,H001067,2,23961,1246,71,22
756,twitter,D,H001068,2,47164,5575,101,23
757,twitter,R,H001071,2,68061,1794,665,246
758,twitter,R,H001072,2,22280,1612,56,33
759,twitter,R,H001073,1,70372,687,568,179
760,twitter,R,H001074,1,11797,376,23,7
761,twitter,D,H001075,2,4973516,6250,10278,2262
762,twitter,D,H001076,2,160441,2209,43,16
763,twitter,R,H001077,2,14325,447,109,41
764,twitter,R,H001079,2,31667,1607,88,28
765,twitter,D,H001080,2,162841,4887,320,71
766,twitter,D,H001081,2,73802,2183,91,19
767,twitter,R,H001082,2,6410,463,92,38
768,twitter,D,H001083,2,24371,965,101,14
769,twitter,D,H001085,2,41049,1576,71,17
770,twitter,D,H001087,2,161919,2224,854,198
771,twitter,R,H001088,2,8100,1052,17,6
772,twitter,R,H001089,2,215194,3197,1585,723
773,twitter,D,H001090,2,32717,1984,102,32
774,twitter,R,I000024,2,83321,1375,318,98
775,twitter,R,I000055,1,70253,1118,79,25
776,twitter,D,J000032,1,89610,3924,110,35
777,twitter,D,J000126,1,34478,441,52,14
778,twitter,R,J000255,1,24332,8,42,11
779,twitter,D,J000288,2,48407,1637,88,28
780,twitter,R,J000289,1,1380944,1257,27400,9545
781,twitter,R,J000292,2,45279,1084,69,26
782,twitter,R,J000293,2,142317,1023,366,127
783,twitter,D,J000294,2,265308,915,4528,1244
784,twitter,R,J000295,2,25042,1055,21,7
785,twitter,D,J000298,2,368534,8520,697,166
786,twitter,R,J000299,2,65665,1844,757,255
787,twitter,D,J000300,2,268683,1191,1383,314
788,twitter,R,J000301,2,12512,972,141,42
789,twitter,R,J000302,2,10494,929,147,51
790,twitter,D,K000009,2,24799,785,43,12
791,twitter,D,K000188,2,21171,345,14,3
792,twitter,R,K000210,2,40983,471,765,209
793,twitter,R,K000362,1,122999,510,636,245
794,twitter,D,K000367,2,1117581,4219,3682,697
795,twitter,D,K000368,2,16986,2083,30,10
796,twitter,D,K000375,2,21987,255,52,17
797,twitter,R,K000376,2,24284,543,1299,428
798,twitter,R,K000378,2,79651,654,1226,300
799,twitter,D,K000379,2,894097,3074,2539,687
800,twitter,D,K000380,2,49352,1240,266,64
801,twitter,D,K000381,2,29268,2052,22,4
802,twitter,D,K000382,2,28385,1729,49,11
803,twitter,(D),K000383,1,225488,998,287,78
804,twitter,D,K000384,1,989931,703,1834,440
805,twitter,D,K000385,2,36305,3001,27,10
806,twitter,R,K000386,1,18317,549,16,4
807,twitter,R,K000388,1,10903,883,86,25
808,twitter,D,K000389,2,286470,8713,671,202
809,twitter,D,K000391,2,71055,2302,130,36
810,twitter,R,K000392,2,13042,1025,72,22
811,twitter,R,K000393,1,134431,863,728,219
812,twitter,D,K000394,2,27758,1506,40,9
813,twitter,R,K000395,2,10654,1343,273,100
814,twitter,D,L000174,1,202976,2676,517,192
815,twitter,D,L000287,1,1165058,105,22604,4771
816,twitter,D,L000397,2,68750,566,390,142
817,twitter,D,L000480,2,38125,998,57,14
818,twitter,R,L000491,2,22069,678,29,12
819,twitter,D,L000551,2,302050,4941,508,144
820,twitter,D,L000557,2,29557,1524,12,5
821,twitter,D,L000559,2,27936,1669,37,11
822,twitter,D,L000560,2,23692,2565,21,7
823,twitter,D,L000562,2,28728,1040,20,5
824,twitter,D,L000563,2,19435,1744,35,16
825,twitter,R,L000564,1,31821,902,388,142
826,twitter,D,L000565,2,12717,348,31,8
827,twitter,R,L000566,2,40786,1144,21,6
828,twitter,R,L000569,2,14633,429,24,8
829,twitter,D,L000570,2,34614,3629,44,15
830,twitter,R,L000575,2,99874,1722,182,53
831,twitter,R,L000576,2,34310,20560,34,13
832,twitter,R,L000577,2,584688,494,1159,284
833,twitter,R,L000578,2,23821,874,232,89
834,twitter,D,L000579,2,34154,2119,46,16
835,twitter,D,L000581,2,26462,1651,33,8
836,twitter,D,L000582,2,1464357,6698,8539,2464
837,twitter,R,L000583,1,25681,708,166,90
838,twitter,R,L000585,2,17875,1121,126,42
839,twitter,D,L000586,2,11404,671,12,4
840,twitter,D,L000588,2,102366,582,330,82
841,twitter,R,L000589,2,102706,2869,566,195
842,twitter,D,L000590,2,24239,4223,30,12
843,twitter,D,L000591,2,55566,2831,117,30
844,twitter,D,L000592,2,25689,1631,250,53
845,twitter,D,L000593,2,126882,3279,673,204
846,twitter,R,L000594,2,53856,1452,256,67
847,twitter,D,M000087,2,80262,7925,197,65
848,twitter,D,M000133,2,231640,4816,412,106
849,twitter,D,M000312,2,91709,2906,584,278
850,twitter,R,M000355,2,130756,3320,165,43
851,twitter,D,M000639,2,194015,4214,125,67
852,twitter,D,M000687,1,1277,19,12,2
853,twitter,R,M000934,1,110034,1324,154,42
854,twitter,D,M001111,2,464120,5219,240,83
855,twitter,D,M001137,1,29910,1892,27,9
856,twitter,D,M001143,2,38218,3197,47,16
857,twitter,R,M001153,1,293326,3113,117,22
858,twitter,R,M001156,2,31387,945,36,14
859,twitter,R,M001157,2,41464,1850,70,36
860,twitter,R,M001158,2,27966,35,21,13
861,twitter,R,M001159,2,52447,1192,60,25
862,twitter,D,M001160,2,41022,2902,45,16
863,twitter,D,M001163,2,39807,714,35,9
864,twitter,R,M001165,1,69350,158,2965,929
865,twitter,D,M001166,2,29298,373,23,8
866,twitter,D,M001169,2,928548,4249,6014,1723
867,twitter,D,M001176,2,570021,3603,1329,496
868,twitter,R,M001177,2,23493,271,75,26
869,twitter,R,M001179,1,21561,6,113,33
870,twitter,R,M001180,1,31530,1056,7,2
871,twitter,D,M001183,1,199027,2165,174,38
872,twitter,R,M001184,1,139202,3265,847,235
873,twitter,D,M001185,2,123373,2209,552,127
874,twitter,R,M001187,3,597384,1944,15900,5848
875,twitter,D,M001188,2,54143,4200,115,26
876,twitter,R,M001190,2,25184,1213,71,26
877,twitter,R,M001194,2,13079,109,9,4
878,twitter,R,M001195,2,18334,751,242,97
879,twitter,D,M001196,2,156961,3095,217,41
880,twitter,R,M001197,2,159971,2060,697,193
881,twitter,R,M001198,1,7028,1214,55,17
882,twitter,R,M001199,2,39827,1862,92,30
883,twitter,D,M001200,2,16633,2128,34,9
884,twitter,R,M001201,1,8665,908,65,18
885,twitter,D,M001202,2,34418,2125,60,16
886,twitter,D,M001203,2,41174,1865,314,97
887,twitter,R,M001204,2,14076,821,286,99
888,twitter,R,M001205,2,10864,805,91,28
889,twitter,D,M001206,2,8957,1988,18,4
890,twitter,D,M001207,2,43187,5033,83,28
891,twitter,D,M001208,3,155453,1239,952,186
892,twitter,D,M001209,2,34095,941,64,13
893,twitter,R,M001210,2,14724,296,660,242
894,twitter,D,N000002,2,387009,1574,3161,974
895,twitter,D,N000015,2,33494,883,87,25
896,twitter,D,N000179,1,36250,915,18,7
897,twitter,R,N000181,2,1151316,1071,11213,4271
898,twitter,D,N000188,2,13011,1289,9,3
899,twitter,R,N000189,1,14747,1000,16,6
900,twitter,R,N000190,2,14355,684,210,74
901,twitter,D,N000191,2,54254,3525,167,41
902,twitter,R,O000168,2,25766,3350,25,8
903,twitter,D,O000171,2,25377,1939,15,4
904,twitter,D,O000172,2,7241799,4527,45570,8559
905,twitter,D,O000173,2,2752292,7928,9880,1847
906,twitter,D,P000034,2,41292,3285,26,11
907,twitter,D,P000096,3,61773,5005,222,71
908,twitter,D,P000197,2,5209170,5372,13579,3669
909,twitter,R,P000449,2,170109,4088,90,31
910,twitter,D,P000523,1,33644,1455,186,56
911,twitter,D,P000593,2,38364,2039,27,7
912,twitter,D,P000595,2,138852,2240,116,34
913,twitter,D,P000597,1,28432,1285,44,11
914,twitter,R,P000599,1,25155,84,31,25
915,twitter,R,P000601,2,20754,1789,50,22
916,twitter,R,P000603,2,2889986,1260,9240,2783
917,twitter,D,P000604,1,21259,982,15,5
918,twitter,R,P000605,1,28567,733,258,104
919,twitter,D,P000607,2,113315,3574,276,93
920,twitter,D,P000608,3,40957,3098,32,8
921,twitter,R,P000609,2,21779,465,23,8
922,twitter,R,P000612,2,100932,1829,234,63
923,twitter,D,P000613,2,12141,1986,18,4
924,twitter,D,P000614,2,21805,1841,39,9
925,twitter,R,P000615,2,16824,917,150,49
926,twitter,D,P000616,2,31016,1553,125,36
927,twitter,D,P000617,2,918867,6516,2249,365
928,twitter,D,P000618,2,698285,1953,3366,744
929,twitter,D,Q000023,2,50507,2356,127,30
930,twitter,D,R000122,1,97949,1022,101,39
931,twitter,R,R000307,2,83251,928,187,47
932,twitter,R,R000395,1,18665,271,26,9
933,twitter,D,R000486,1,29892,2312,18,7
934,twitter,D,R000515,1,33865,1871,448,111
935,twitter,R,R000575,2,28938,1369,14,5
936,twitter,D,R000576,2,17262,1115,11,3
937,twitter,D,R000577,2,142735,4638,241,54
938,twitter,R,R000582,1,21832,572,96,29
939,twitter,R,R000584,1,97638,670,91,25
940,twitter,R,R000585,2,22331,731,28,8
941,twitter,D,R000588,2,39732,648,39,12
942,twitter,R,R000591,2,36387,882,17,4
943,twitter,R,R000595,3,4310538,7459,1722,780
944,twitter,R,R000597,2,18007,596,48,20
945,twitter,D,R000599,2,24437,1290,39,9
946,twitter,R,R000601,1,237853,431,4196,1518
947,twitter,D,R000602,2,35991,1232,149,46
948,twitter,R,R000603,2,14874,572,52,18
949,twitter,R,R000605,2,27455,1344,43,15
950,twitter,D,R000606,2,92757,4105,256,76
951,twitter,R,R000607,1,10193,224,39,15
952,twitter,D,R000608,2,64819,3399,57,17
953,twitter,R,R000609,2,11306,703,168,67
954,twitter,R,R000610,2,22416,893,361,150
955,twitter,R,R000611,2,14303,1782,75,30
956,twitter,R,R000612,2,7353,745,31,7
957,twitter,D,R000613,2,48193,2385,136,27
958,twitter,R,R000614,2,58958,20645,107,37
959,twitter,R,R000615,2,2149979,984,3789,665
960,twitter,D,R000616,2,91723,1423,209,59
961,twitter,(D),S000033,2,21801423,8234,19081,3693
962,twitter,D,S000148,2,2392599,3227,7921,2342
963,twitter,D,S000185,2,40037,1061,53,17
964,twitter,R,S000244,1,12733,346,262,94
965,twitter,D,S000248,2,33071,579,26,9
966,twitter,R,S000320,1,91408,654,202,53
967,twitter,D,S000344,1,52350,882,105,46
968,twitter,D,S000510,2,38742,1105,110,31
969,twitter,R,S000522,1,34181,95,876,525
970,twitter,D,S000770,2,178715,1189,517,124
971,twitter,D,S001145,2,52126,3270,71,26
972,twitter,R,S001148,2,19800,620,22,6
973,twitter,D,S001150,2,2713587,1266,33903,10007
974,twitter,D,S001156,2,39630,1618,42,11
975,twitter,D,S001157,2,23471,401,7,3
976,twitter,D,S001165,1,24768,2008,19,7
977,twitter,D,S001168,2,27736,1669,66,18
978,twitter,R,S001172,1,14203,644,23,6
979,twitter,D,S001175,2,174637,2148,858,253
980,twitter,R,S001176,2,491522,2892,7193,2820
981,twitter,D,S001180,2,28735,577,36,8
982,twitter,D,S001181,2,130133,3061,62,27
983,twitter,R,S001183,1,30802,1017,41,14
984,twitter,R,S001184,2,428280,1255,1215,301
985,twitter,D,S001185,2,44671,1414,108,33
986,twitter,R,S001187,2,40052,557,21,6
987,twitter,R,S001189,2,27709,398,79,42
988,twitter,D,S001190,2,30746,1095,28,8
989,twitter,D,S001191,2,261973,3909,245,44
990,twitter,R,S001192,2,39588,934,256,91
991,twitter,D,S001193,2,996642,5321,7355,1722
992,twitter,D,S001194,2,348532,5887,4608,907
993,twitter,R,S001195,2,43828,1178,119,41
994,twitter,R,S001196,2,565562,4062,1565,467
995,twitter,R,S001197,2,428532,275,1086,204
996,twitter,R,S001198,2,50048,1052,91,32
997,twitter,R,S001199,2,13915,1141,228,69
998,twitter,D,S001200,2,20793,2906,27,11
999,twitter,D,S001201,2,17327,773,59,25
1000,twitter,D,S001203,2,124095,2274,177,36
1001,twitter,D,S001205,2,53081,4082,249,72
1002,twitter,D,S001206,2,43478,2497,82,29
1003,twitter,D,S001207,2,64367,1982,110,21
1004,twitter,D,S001208,2,89183,1053,561,118
1005,twitter,D,S001209,2,82526,3854,134,32
1006,twitter,R,S001210,2,9588,1028,43,18
1007,twitter,D,S001211,2,71473,1006,64,16
1008,twitter,R,S001212,2,11639,1128,35,12
1009,twitter,R,S001213,2,10201,2042,54,24
1010,twitter,R,S001214,2,18543,812,85,35
1011,twitter,D,S001215,2,52118,4598,120,22
1012,twitter,D,S001216,2,19854,851,58,14
1013,twitter,R,S001217,2,458702,5132,680,350
1014,twitter,R,T000165,1,9290,17,1189,266
1015,twitter,D,T000193,1,17337,1190,88,25
1016,twitter,R,T000238,1,16655,220,15,7
1017,twitter,R,T000250,1,101239,1179,269,83
1018,twitter,D,T000460,2,33341,3310,58,17
1019,twitter,R,T000461,2,154184,487,264,83
1020,twitter,R,T000463,2,44347,363,438,102
1021,twitter,D,T000464,2,131510,843,169,36
1022,twitter,R,T000467,2,22706,1248,13,4
1023,twitter,D,T000468,2,46947,2889,53,14
1024,twitter,D,T000469,2,27977,2957,9,3
1025,twitter,R,T000470,2,30056,771,36,22
1026,twitter,D,T000472,2,58534,1655,274,109
1027,twitter,D,T000474,2,37108,2399,79,26
1028,twitter,R,T000476,2,147201,2311,269,82
1029,twitter,R,T000479,2,13666,549,24,8
1030,twitter,R,T000480,2,6325,615,40,15
1031,twitter,D,T000481,2,1281549,5661,3647,770
1032,twitter,D,T000482,2,28059,4159,51,11
1033,twitter,D,T000483,2,17783,2054,68,20
1034,twitter,D,T000484,2,28305,752,56,11
1035,twitter,R,U000031,2,30834,1672,50,12
1036,twitter,D,U000039,2,181912,1804,196,67
1037,twitter,D,U000040,2,189165,1993,523,113
1038,twitter,D,V000081,2,73239,5418,84,26
1039,twitter,D,V000108,2,16031,90,40,7
1040,twitter,D,V000128,1,174819,1237,776,286
1041,twitter,D,V000130,1,24222,594,64,19
1042,twitter,D,V000131,2,33343,1442,37,14
1043,twitter,D,V000132,2,17218,545,13,5
1044,twitter,R,V000133,3,27865,608,48,12
1045,twitter,D,W000187,1,1333744,382,21407,5394
1046,twitter,R,W000437,2,111872,2060,143,58
1047,twitter,D,W000779,2,487860,2273,1097,418
1048,twitter,R,W000791,2,33564,958,34,7
1049,twitter,R,W000795,2,36512,875,27,10
1050,twitter,D,W000797,2,380664,2439,58,21
1051,twitter,R,W000798,2,20426,842,53,18
1052,twitter,D,W000800,2,38969,354,588,136
1053,twitter,D,W000802,2,366018,4206,685,253
1054,twitter,R,W000804,2,29908,1430,29,13
1055,twitter,D,W000805,2,485377,2097,1648,510
1056,twitter,R,W000806,1,26568,242,40,16
1057,twitter,D,W000808,1,74799,1925,116,41
1058,twitter,R,W000809,2,25586,2143,37,13
1059,twitter,R,W000810,1,16705,641,21,9
1060,twitter,R,W000812,2,32381,834,136,45
1061,twitter,R,W000813,2,24509,1171,57,18
1062,twitter,R,W000814,2,20045,887,79,26
1063,twitter,R,W000815,2,35071,1161,60,19
1064,twitter,R,W000816,2,18662,1455,69,25
1065,twitter,D,W000817,2,10106041,9051,7829,1518
1066,twitter,R,W000819,2,36283,2435,260,88
1067,twitter,R,W000821,3,15521,999,39,13
1068,twitter,D,W000822,2,34053,2287,121,44
1069,twitter,R,W000823,2,39932,3199,186,86
1070,twitter,R,W000824,2,11812,942,168,62
1071,twitter,D,W000825,2,49237,2936,144,38
1072,twitter,D,W000826,2,13566,1891,35,11
1073,twitter,R,W000827,2,8034,897,156,66
1074,twitter,R,Y000033,2,22251,469,15,5
1075,twitter,D,Y000062,1,47755,896,773,191
1076,twitter,R,Y000064,2,66224,2051,116,54
1077,twitter,R,Y000065,2,39257,816,275,199
1078,twitter,R,Z000017,2,294457,2406,4626,1672